<?xml version='1.0' encoding='UTF-8'?>
<!DOCTYPE hibernate-configuration PUBLIC
          "-//Hibernate/Hibernate Configuration DTD 3.0//EN"
          "http://hibernate.sourceforge.net/hibernate-configuration-3.0.dtd">
<!-- Generated by MyEclipse Hibernate Tools.                   -->
<hibernate-configuration>

	<session-factory>
		<property name="dialect">org.hibernate.dialect.MySQLDialect</property>
		<property name="connection.url">jdbc:mysql://localhost:3306/secretmanager?user=root&amp;password=941028</property>
		<property name="connection.username">root</property>
		<property name="connection.password">941028</property>
		<property name="connection.driver_class">com.mysql.jdbc.Driver</property>
		<property name="myeclipse.connection.profile">smallsecret</property>
		<mapping resource="Object/User.hbm.xml" />
		<mapping resource="Object/Secretinfor.hbm.xml" />

	</session-factory>

</hibernate-configuration>