<?xml version="1.0" encoding="utf-8"?>
<!DOCTYPE hibernate-mapping PUBLIC "-//Hibernate/Hibernate Mapping DTD 3.0//EN"
"http://hibernate.sourceforge.net/hibernate-mapping-3.0.dtd">
<!-- 
    Mapping file autogenerated by MyEclipse Persistence Tools
-->
<hibernate-mapping>
    <class name="Object.Secretinfor" table="secretinfor" catalog="secretmanager">
        <id name="id" type="java.lang.Integer">
            <column name="id" />
            <generator class="identity" />
        </id>
        <property name="username" type="java.lang.String">
            <column name="username" length="40" />
        </property>
        <property name="type" type="java.lang.String">
            <column name="type" length="40" />
        </property>
        <property name="comment" type="java.lang.String">
            <column name="comment" length="100" />
        </property>
        <property name="url" type="java.lang.String">
            <column name="url" length="100" />
        </property>
        <property name="account" type="java.lang.String">
            <column name="account" length="40" />
        </property>
        <property name="password" type="java.lang.String">
            <column name="password" length="40" />
        </property>
    </class>
</hibernate-mapping>
