<?xml version="1.0" encoding="utf-8"?>
<!DOCTYPE hibernate-mapping PUBLIC "-//Hibernate/Hibernate Mapping DTD 3.0//EN"
"http://hibernate.sourceforge.net/hibernate-mapping-3.0.dtd">
<!-- 
    Mapping file autogenerated by MyEclipse Persistence Tools
-->
<hibernate-mapping>
    <class name="Object.User" table="user" catalog="secretmanager">
        <id name="username" type="java.lang.String">
            <column name="username" length="40" />
            <generator class="assigned" />
        </id>
        <property name="password" type="java.lang.String">
            <column name="password" length="40" not-null="true" />
        </property>
    </class>
</hibernate-mapping>
